nombre,apellido,dni,email
Myrilla,Karolovsky,665-34-4456,mkarolovsky0@theguardian.com
Bess,Van Zon,501-06-1988,bvanzon1@canalblog.com
Jenni,Blitz,806-23-7092,jblitz2@ucoz.com
Don,Hedditeh,791-75-3299,dhedditeh3@scribd.com
Teodoro,Standbridge,384-51-2374,tstandbridge4@vinaora.com
Joann,Fleeman,373-65-5805,jfleeman5@free.fr
Lance,MacDowal,186-94-8518,lmacdowal6@photobucket.com
Stoddard,Memory,800-97-9326,smemory7@nydailynews.com
Dehlia,Noni,531-63-7755,dnoni8@bloglines.com
Cayla,Titterrell,565-90-9583,ctitterrell9@guardian.co.uk
Xavier,Stanlick,460-28-7998,xstanlicka@paginegialle.it
Amy,McCree,384-36-6287,amccreeb@unicef.org
Albie,Cocher,407-05-3990,acocherc@delicious.com
Evelyn,Bence,437-05-8268,ebenced@ask.com
Der,Bryns,433-22-8228,dbrynse@pbs.org
Hillie,Collumbell,152-96-3877,hcollumbellf@booking.com
Colan,Dacke,808-65-5040,cdackeg@csmonitor.com
Christean,Batsford,523-78-2919,cbatsfordh@princeton.edu
Merrili,McReidy,492-39-5334,mmcreidyi@blinklist.com
Jasun,Yon,790-23-4140,jyonj@google.com.hk
Shalne,Mackiewicz,807-76-6256,smackiewiczk@twitpic.com
Bobina,Gianotti,851-92-5242,bgianottil@abc.net.au
Shaine,Harvey,562-74-2711,sharveym@linkedin.com
Marion,Kensy,143-32-7593,mkensyn@pagesperso-orange.fr
Mannie,Bartczak,869-65-9230,mbartczako@yelp.com
Lilla,Taylder,888-86-5397,ltaylderp@pcworld.com
Thedrick,Mainds,332-36-4500,tmaindsq@imdb.com
Libbey,McCrostie,286-88-4275,lmccrostier@lycos.com
Lari,Sperski,339-77-6125,lsperskis@comcast.net
Glenn,Lambirth,152-36-1285,glambirtht@vkontakte.ru
Gilbertine,McCullum,503-37-9550,gmccullumu@springer.com
Daryn,Guildford,344-84-3698,dguildfordv@vimeo.com
Brittani,Beyne,596-01-0797,bbeynew@utexas.edu
Kliment,Nancarrow,523-69-6723,knancarrowx@fotki.com
Maxim,Avrahamian,623-57-8821,mavrahamiany@oracle.com
Morris,Clarae,693-34-3626,mclaraez@lulu.com
Gaye,Skedge,823-06-9902,gskedge10@independent.co.uk
Valli,Ellse,760-75-2969,vellse11@chicagotribune.com
Roanna,Dello,495-14-0776,rdello12@ca.gov
Romona,Dennes,611-78-5265,rdennes13@vinaora.com
Hendrick,Priden,888-49-8610,hpriden14@ed.gov
Mathias,Cleeton,492-18-9681,mcleeton15@phpbb.com
Claire,Crippin,561-60-3936,ccrippin16@51.la
Ariela,Linfield,271-01-5438,alinfield17@tumblr.com
Saw,Scaplehorn,344-68-9101,sscaplehorn18@simplemachines.org
Seline,Fleg,712-33-7731,sfleg19@vk.com
Barbi,Bissill,319-53-4771,bbissill1a@ed.gov
Sile,Helliar,497-93-3696,shelliar1b@cisco.com
Gauthier,Hrishchenko,132-19-4230,ghrishchenko1c@yandex.ru
Laughton,Ragge,210-86-2599,lragge1d@google.nl
